{"cameraMode":{"drawMode":0,"name":"Shaded","section":"Shading Mode"},"sceneLighting":true,"audioPlay":false,"sceneViewState":{"showFog":true,"showMaterialUpdate":false,"showSkybox":true,"showFlares":true,"showImageEffects":true,"showParticleSystems":true},"in2DMode":false,"pivot":{"x":-0.1497555375099182,"y":1.7858519554138184,"z":6.018483638763428},"rotation":{"x":-0.004512389190495014,"y":-0.3460882306098938,"z":0.0016645850846543909,"w":-0.9381896257400513},"size":28.741390228271486,"orthographic":false}